Workbook

Sheet Répondants
A1: ID_Étudiant | B1: Prénom | C1: Filière | D1: Niveau | E1: Région_Origine | F1: Dispositif_Principal | H1: Filière | I1: Nombre
A2: ET001 | B2: Youssef | C2: MMSD | D2: DEUST1 | E2: Tanger | F2: Smartphone | H2: MMSD | I2: =COUNTIF(C:C,"MMSD") -> 10
A3: ET002 | B3: Fatima | C3: Informatique | D3: DEUST1 | E3: Rabat | F3: PC | H3: Informatique | I3: =COUNTIF(C:C,"Informatique") -> 10
A4: ET003 | B4: Amine | C4: Physique | D4: DEUST2 | E4: Casablanca | F4: Mixte | H4: Physique | I4: =COUNTIF(C:C,"Physique") -> 10
A5: ET004 | B5: Salma | C5: MMSD | D5: DEUST1 | E5: Fès | F5: Tablette
A6: ET005 | B6: Omar | C6: Informatique | D6: Licence1 | E6: Tanger | F6: PC | H6: Dispositif | I6: Nombre
A7: ET006 | B7: Nadia | C7: Physique | D7: DEUST1 | E7: Marrakech | F7: Smartphone | H7: Smartphone | I7: =COUNTIF(F:F,"Smartphone") -> 9
A8: ET007 | B8: Karim | C8: MMSD | D8: DEUST2 | E8: Rabat | F8: PC | H8: PC | I8: =COUNTIF(F:F,"PC") -> 10
A9: ET008 | B9: Houda | C9: Informatique | D9: DEUST1 | E9: Agadir | F9: Mixte | H9: Tablette | I9: =COUNTIF(F:F,"Tablette") -> 5
A10: ET009 | B10: Bilal | C10: Physique | D10: Licence1 | E10: Tanger | F10: Smartphone | H10: Mixte | I10: =COUNTIF(F:F,"Mixte") -> 6
A11: ET010 | B11: Rim | C11: MMSD | D11: DEUST1 | E11: Casablanca | F11: PC
A12: ET011 | B12: Tariq | C12: Informatique | D12: DEUST2 | E12: Fès | F12: Tablette
A13: ET012 | B13: Zineb | C13: Physique | D13: DEUST1 | E13: Tanger | F13: Smartphone
A14: ET013 | B14: Mehdi | C14: MMSD | D14: Licence1 | E14: Rabat | F14: PC
A15: ET014 | B15: Asmae | C15: Informatique | D15: DEUST1 | E15: Casablanca | F15: Mixte
A16: ET015 | B16: Hamza | C16: Physique | D16: DEUST2 | E16: Agadir | F16: Smartphone
A17: ET016 | B17: Layla | C17: MMSD | D17: DEUST1 | E17: Marrakech | F17: Tablette
A18: ET017 | B18: Rachid | C18: Informatique | D18: Licence1 | E18: Tanger | F18: PC
A19: ET018 | B19: Dounia | C19: Physique | D19: DEUST1 | E19: Fès | F19: Smartphone
A20: ET019 | B20: Saad | C20: MMSD | D20: DEUST2 | E20: Rabat | F20: Mixte
A21: ET020 | B21: Imane | C21: Informatique | D21: DEUST1 | E21: Casablanca | F21: PC
A22: ET021 | B22: Othmane | C22: Physique | D22: DEUST1 | E22: Tanger | F22: Smartphone
... A31: ET030 | B31: Safae | C31: Physique | D31: DEUST1 | E31: Casablanca | F31: Tablette

Sheet Paramètres de Surveillance
A1: ID_Var | B1: Variable | C1: Unité | D1: Seuil Réf. | E1: Niv. Alerte
A2: V001 | B2: Heures_Etude_Semaine | C2: h/sem | D2: = 20h | E2: < 10h
A3: V002 | B3: Utilisation_IA_Semaine | C3: h/sem | D3: < 5h | E3: > 15h
A4: V003 | B4: Temps_Reseaux_Sociaux | C4: h/jour | D4: < 2h | E4: > 5h
A5: V004 | B5: Heures_Sommeil_Nuit | C5: h/nuit | D5: 7-9h | E5: < 6h
A6: V005 | B6: Nb_Apps_Educatives | C6: apps | D6: =3 -> 3 | E6: 0
A7: V006 | B7: Score_Satisfaction_Num. | C7: /10 | D7: =6/10 -> 0.6 | E7: < 4/10

Sheet Données de l'Enquête 
A1: ID_Relevé | B1: Date | C1: ID_Étudiant | D1: Prénom_Étudiant | E1: Filière | F1: Heures_Etude | G1: Utilisation_IA | H1: Temps_RS | I1: Heures_Sommeil | J1: Score_Engagement | K1: Profil_Numérique | L1: Alerte_Dépendance | M1: Statut | O1: profil | P1: nombre | R1: Variable | S1: Moyenne | U1: Alerte | V1: Nombre | X1: Filière | Y1: Moy_IA
A2: R001 | B2: 45672 | C2: ET012 | D2: =VLOOKUP(C2,Répondants!A:B,2,0) -> Zineb | E2: =VLOOKUP(C2,Répondants!A:C,3,0) -> Physique | F2: 22.5 | G2: 3.2 | H2: 1.8 | I2: 7.5 | J2: =ROUND(MIN(10,MAX(1,(F2/3)+(G2/4)-(H2/2)+(I2/9))),1) -> 8.2 | K2: =IF(J2>7,"Intensif",IF(J2>4,"Modéré","Faible")) -> Intensif | L2: =IF(AND(H2>4,G2>10),"OUI","NON") -> NON | M2: =IF(J2>7,"Critique",IF(J2>4,"Modéré","Conforme")) -> Critique | O2: Intensif | P2: =COUNTIF(K:K,"Intensif") -> 17 | R2: Heures_Etude | S2: =ROUND(AVERAGE(F2:F41),1) -> 15.6 | U2: OUI | V2: =COUNTIF(L:L,"OUI") -> 15 | X2: MMSD | Y2: =ROUND(AVERAGEIF(E:E,"MMSD",G:G),1) -> 8.4
A3: R002 | B3: 45675 | C3: ET005 | D3: =VLOOKUP(C3,Répondants!A:B,2,0) -> Omar | E3: =VLOOKUP(C3,Répondants!A:C,3,0) -> Informatique | F3: 8.3 | G3: 12.7 | H3: 6.2 | I3: 5.5 | J3: =ROUND(MIN(10,MAX(1,(F3/3)+(G3/4)-(H3/2)+(I3/9))),1) -> 3.5 | K3: =IF(J3>7,"Intensif",IF(J3>4,"Modéré","Faible")) -> Faible | L3: =IF(AND(H3>4,G3>10),"OUI","NON") -> OUI | M3: =IF(J3>7,"Critique",IF(J3>4,"Modéré","Conforme")) -> Conforme | O3: Modéré | P3: =COUNTIF(K:K,"Modéré") -> 9 | R3: Utilisation_IA | S3: =ROUND(AVERAGE(G2:G41),1) -> 8.3 | U3: NON | V3: =COUNTIF(L:L,"NON") -> 25 | X3: Informatique | Y3: =ROUND(AVERAGEIF(E:E,"Informatique",G:G),1) -> 7.8
A4: R003 | B4: 45679 | C4: ET019 | D4: =VLOOKUP(C4,Répondants!A:B,2,0) -> Saad | E4: =VLOOKUP(C4,Répondants!A:C,3,0) -> MMSD | F4: 25.1 | G4: 2.1 | H4: 1.2 | I4: 8 | J4: =ROUND(MIN(10,MAX(1,(F4/3)+(G4/4)-(H4/2)+(I4/9))),1) -> 9.2 | K4: =IF(J4>7,"Intensif",IF(J4>4,"Modéré","Faible")) -> Intensif | L4: =IF(AND(H4>4,G4>10),"OUI","NON") -> NON | M4: =IF(J4>7,"Critique",IF(J4>4,"Modéré","Conforme")) -> Critique | O4: Faible | P4: =COUNTIF(K:K,"Faible") -> 14 | R4: Temps_RS | S4: =ROUND(AVERAGE(H2:H41),1) -> 4.2 | X4: Physique | Y4: =ROUND(AVERAGEIF(E:E,"Physique",G:G),1) -> 8.5
A5: R004 | B5: 45682 | C5: ET003 | D5: =VLOOKUP(C5,Répondants!A:B,2,0) -> Amine | E5: =VLOOKUP(C5,Répondants!A:C,3,0) -> Physique | F5: 6.5 | G5: 18.3 | H5: 7.8 | I5: 4.5 | J5: =ROUND(MIN(10,MAX(1,(F5/3)+(G5/4)-(H5/2)+(I5/9))),1) -> 3.3 | K5: =IF(J5>7,"Intensif",IF(J5>4,"Modéré","Faible")) -> Faible | L5: =IF(AND(H5>4,G5>10),"OUI","NON") -> OUI | M5: =IF(J5>7,"Critique",IF(J5>4,"Modéré","Conforme")) -> Conforme | R5: Heures_Sommeil | S5: =ROUND(AVERAGE(I2:I41),1) -> 6.5
A6: R005 | B6: 45685 | C6: ET027 | D6: =VLOOKUP(C6,Répondants!A:B,2,0) -> Ayoub | E6: =VLOOKUP(C6,Répondants!A:C,3,0) -> Physique | F6: 19.8 | G6: 4.5 | H6: 2.3 | I6: 7 | J6: =ROUND(MIN(10,MAX(1,(F6/3)+(G6/4)-(H6/2)+(I6/9))),1) -> 7.4 | K6: =IF(J6>7,"Intensif",IF(J6>4,"Modéré","Faible")) -> Intensif | L6: =IF(AND(H6>4,G6>10),"OUI","NON") -> NON | M6: =IF(J6>7,"Critique",IF(J6>4,"Modéré","Conforme")) -> Critique
A7: R006 | B7: 45690 | C7: ET008 | D7: =VLOOKUP(C7,Répondants!A:B,2,0) -> Houda | E7: =VLOOKUP(C7,Répondants!A:C,3,0) -> Informatique | F7: 11.2 | G7: 8.9 | H7: 4.5 | I7: 6.5 | J7: =ROUND(MIN(10,MAX(1,(F7/3)+(G7/4)-(H7/2)+(I7/9))),1) -> 4.4 | K7: =IF(J7>7,"Intensif",IF(J7>4,"Modéré","Faible")) -> Modéré | L7: =IF(AND(H7>4,G7>10),"OUI","NON") -> NON | M7: =IF(J7>7,"Critique",IF(J7>4,"Modéré","Conforme")) -> Modéré
A8: R007 | B8: 45693 | C8: ET015 | D8: =VLOOKUP(C8,Répondants!A:B,2,0) -> Hamza | E8: =VLOOKUP(C8,Répondants!A:C,3,0) -> Physique | F8: 27.3 | G8: 1.8 | H8: 1 | I8: 8.5 | J8: =ROUND(MIN(10,MAX(1,(F8/3)+(G8/4)-(H8/2)+(I8/9))),1) -> 10 | K8: =IF(J8>7,"Intensif",IF(J8>4,"Modéré","Faible")) -> Intensif | L8: =IF(AND(H8>4,G8>10),"OUI","NON") -> NON | M8: =IF(J8>7,"Critique",IF(J8>4,"Modéré","Conforme")) -> Critique
A9: R008 | B9: 45696 | C9: ET022 | D9: =VLOOKUP(C9,Répondants!A:B,2,0) -> Chaimae | E9: =VLOOKUP(C9,Répondants!A:C,3,0) -> MMSD | F9: 5.2 | G9: 16.4 | H9: 8.1 | I9: 4 | J9: =ROUND(MIN(10,MAX(1,(F9/3)+(G9/4)-(H9/2)+(I9/9))),1) -> 2.2 | K9: =IF(J9>7,"Intensif",IF(J9>4,"Modéré","Faible")) -> Faible | L9: =IF(AND(H9>4,G9>10),"OUI","NON") -> OUI | M9: =IF(J9>7,"Critique",IF(J9>4,"Modéré","Conforme")) -> Conforme
A10: R009 | B10: 45700 | C10: ET001 | D10: =VLOOKUP(C10,Répondants!A:B,2,0) -> Youssef | E10: =VLOOKUP(C10,Répondants!A:C,3,0) -> MMSD | F10: 21 | G10: 3.8 | H10: 2 | I10: 7.8 | J10: =ROUND(MIN(10,MAX(1,(F10/3)+(G10/4)-(H10/2)+(I10/9))),1) -> 7.8 | K10: =IF(J10>7,"Intensif",IF(J10>4,"Modéré","Faible")) -> Intensif | L10: =IF(AND(H10>4,G10>10),"OUI","NON") -> NON | M10: =IF(J10>7,"Critique",IF(J10>4,"Modéré","Conforme")) -> Critique
A11: R010 | B11: 45703 | C11: ET030 | D11: =VLOOKUP(C11,Répondants!A:B,2,0) -> Safae | E11: =VLOOKUP(C11,Répondants!A:C,3,0) -> Physique | F11: 9.7 | G11: 11.2 | H11: 5.9 | I11: 5 | J11: =ROUND(MIN(10,MAX(1,(F11/3)+(G11/4)-(H11/2)+(I11/9))),1) -> 3.6 | K11: =IF(J11>7,"Intensif",IF(J11>4,"Modéré","Faible")) -> Faible | L11: =IF(AND(H11>4,G11>10),"OUI","NON") -> OUI | M11: =IF(J11>7,"Critique",IF(J11>4,"Modéré","Conforme")) -> Conforme
A12: R011 | B12: 45706 | C12: ET017 | D12: =VLOOKUP(C12,Répondants!A:B,2,0) -> Rachid | E12: =VLOOKUP(C12,Répondants!A:C,3,0) -> Informatique | F12: 23.5 | G12: 2.5 | H12: 1.5 | I12: 8.2 | J12: =ROUND(MIN(10,MAX(1,(F12/3)+(G12/4)-(H12/2)+(I12/9))),1) -> 8.6 | K12: =IF(J12>7,"Intensif",IF(J12>4,"Modéré","Faible")) -> Intensif | L12: =IF(AND(H12>4,G12>10),"OUI","NON") -> NON | M12: =IF(J12>7,"Critique",IF(J12>4,"Modéré","Conforme")) -> Critique
A13: R012 | B13: 45710 | C13: ET009 | D13: =VLOOKUP(C13,Répondants!A:B,2,0) -> Bilal | E13: =VLOOKUP(C13,Répondants!A:C,3,0) -> Physique | F13: 7.1 | G13: 14.8 | H13: 7.2 | I13: 4.8 | J13: =ROUND(MIN(10,MAX(1,(F13/3)+(G13/4)-(H13/2)+(I13/9))),1) -> 3 | K13: =IF(J13>7,"Intensif",IF(J13>4,"Modéré","Faible")) -> Faible | L13: =IF(AND(H13>4,G13>10),"OUI","NON") -> OUI | M13: =IF(J13>7,"Critique",IF(J13>4,"Modéré","Conforme")) -> Conforme
A14: R013 | B14: 45713 | C14: ET024 | D14: =VLOOKUP(C14,Répondants!A:B,2,0) -> Hajar | E14: =VLOOKUP(C14,Répondants!A:C,3,0) -> Physique | F14: 18.5 | G14: 5.2 | H14: 2.8 | I14: 7.3 | J14: =ROUND(MIN(10,MAX(1,(F14/3)+(G14/4)-(H14/2)+(I14/9))),1) -> 6.9 | K14: =IF(J14>7,"Intensif",IF(J14>4,"Modéré","Faible")) -> Modéré | L14: =IF(AND(H14>4,G14>10),"OUI","NON") -> NON | M14: =IF(J14>7,"Critique",IF(J14>4,"Modéré","Conforme")) -> Modéré
A15: R014 | B15: 45716 | C15: ET006 | D15: =VLOOKUP(C15,Répondants!A:B,2,0) -> Nadia | E15: =VLOOKUP(C15,Répondants!A:C,3,0) -> Physique | F15: 12.8 | G15: 9.3 | H15: 4.8 | I15: 6.2 | J15: =ROUND(MIN(10,MAX(1,(F15/3)+(G15/4)-(H15/2)+(I15/9))),1) -> 4.9 | K15: =IF(J15>7,"Intensif",IF(J15>4,"Modéré","Faible")) -> Modéré | L15: =IF(AND(H15>4,G15>10),"OUI","NON") -> NON | M15: =IF(J15>7,"Critique",IF(J15>4,"Modéré","Conforme")) -> Modéré
A16: R015 | B16: 45719 | C16: ET013 | D16: =VLOOKUP(C16,Répondants!A:B,2,0) -> Mehdi | E16: =VLOOKUP(C16,Répondants!A:C,3,0) -> MMSD | F16: 26 | G16: 2 | H16: 1.3 | I16: 8.8 | J16: =ROUND(MIN(10,MAX(1,(F16/3)+(G16/4)-(H16/2)+(I16/9))),1) -> 9.5 | K16: =IF(J16>7,"Intensif",IF(J16>4,"Modéré","Faible")) -> Intensif | L16: =IF(AND(H16>4,G16>10),"OUI","NON") -> NON | M16: =IF(J16>7,"Critique",IF(J16>4,"Modéré","Conforme")) -> Critique
A17: R016 | B17: 45722 | C17: ET020 | D17: =VLOOKUP(C17,Répondants!A:B,2,0) -> Imane | E17: =VLOOKUP(C17,Répondants!A:C,3,0) -> Informatique | F17: 6.8 | G17: 17.1 | H17: 8.5 | I17: 4.2 | J17: =ROUND(MIN(10,MAX(1,(F17/3)+(G17/4)-(H17/2)+(I17/9))),1) -> 2.8 | K17: =IF(J17>7,"Intensif",IF(J17>4,"Modéré","Faible")) -> Faible | L17: =IF(AND(H17>4,G17>10),"OUI","NON") -> OUI | M17: =IF(J17>7,"Critique",IF(J17>4,"Modéré","Conforme")) -> Conforme
... A41: R040 | B41: 45794 | C41: ET027 | D41: =VLOOKUP(C41,Répondants!A:B,2,0) -> Ayoub | E41: =VLOOKUP(C41,Répondants!A:C,3,0) -> Physique | F41: 10.5 | G41: 10.2 | H41: 5.3 | I41: 6.4 | J41: =ROUND(MIN(10,MAX(1,(F41/3)+(G41/4)-(H41/2)+(I41/9))),1) -> 4.1 | K41: =IF(J41>7,"Intensif",IF(J41>4,"Modéré","Faible")) -> Modéré | L41: =IF(AND(H41>4,G41>10),"OUI","NON") -> OUI | M41: =IF(J41>7,"Critique",IF(J41>4,"Modéré","Conforme")) -> Modéré

Sheet Comportements & Sources
A1: ID_Comportement | B1: Désignation | C1: Domaine | D1: Source_Principale | E1: Niveau_Impact | F1: Fréquence_Détection | G1: Impact_Santé | H1: Valeur_Impact
A2: C001 | B2: Utilisation excessive TikTok | C2: Social | D2: Enquête interne | E2: 8 | F2: 7 | G2: Négatif fort | H2: =E2*F2 -> 56
A3: C002 | B3: Révision via YouTube | C3: Académique | D3: Rapport OCDE | E3: 6 | F3: 5 | G3: Positif | H3: =E3*F3 -> 30
A4: C003 | B4: Jeux vidéo nuit | C4: Loisir | D4: Étude UNESCO | E4: 7 | F4: 4 | G4: Négatif fort | H4: =E4*F4 -> 28
A5: C004 | B5: Utilisation ChatGPT devoirs | C5: Académique | D5: Survey étudiant | E5: 5 | F5: 9 | G5: Modéré | H5: =E5*F5 -> 45
A6: C005 | B6: Consultation Instagram | C6: Social | D6: Enquête interne | E6: 6 | F6: 8 | G6: Négatif fort | H6: =E6*F6 -> 48
A7: C006 | B7: Lecture e-books | C7: Académique | D7: Rapport OCDE | E7: 3 | F7: 4 | G7: Positif | H7: =E7*F7 -> 12
A8: C007 | B8: Streaming Netflix | C8: Divertissement | D8: Survey étudiant | E8: 5 | F8: 6 | G8: Modéré | H8: =E8*F8 -> 30
A9: C008 | B9: Cours en ligne Coursera | C9: Académique | D9: Rapport UNESCO | E9: 2 | F9: 3 | G9: Positif | H9: =E9*F9 -> 6
A10: C009 | B10: Notifications constantes | C10: Social | D10: Enquête interne | E10: 7 | F10: 9 | G10: Négatif fort | H10: =E10*F10 -> 63
A11: C010 | B11: Travail collaboratif Teams | C11: Professionnel | D11: Survey étudiant | E11: 3 | F11: 5 | G11: Positif | H11: =E11*F11 -> 15
A12: C011 | B12: Scroll passif Facebook | C12: Social | D12: Étude OCDE | E12: 6 | F12: 7 | G12: Modéré | H12: =E12*F12 -> 42
A13: C012 | B13: Applications de méditation | C13: Loisir | D13: Enquête interne | E13: 2 | F13: 3 | G13: Positif | H13: =E13*F13 -> 6
... A21: C020 | B21: Veille technologique | C21: Professionnel | D21: Survey étudiant | E21: 3 | F21: 4 | G21: Positif | H21: =E21*F21 -> 12

Sheet Tableau de Bord
A1: Tableau de Bord — Analyse des Habitudes Numériques des Étudiants
